{"cameraMode":{"drawMode":0,"name":"Shaded","section":"Shading Mode"},"sceneLighting":true,"audioPlay":false,"sceneViewState":{"m_AlwaysRefresh":false,"showFog":true,"showSkybox":true,"showFlares":true,"showImageEffects":true,"showParticleSystems":true,"showVisualEffectGraphs":true,"m_FxEnabled":true},"in2DMode":false,"pivot":{"x":1.1571121215820313,"y":1.1311383247375489,"z":2.3647518157958986},"rotation":{"x":0.03251279145479202,"y":-0.17007529735565186,"z":0.0056145209819078449,"w":0.984878659248352},"size":15.100292205810547,"orthographic":false}