{"cameraMode":{"drawMode":0,"name":"Shaded","section":"Shading Mode"},"sceneLighting":true,"audioPlay":false,"sceneViewState":{"m_AlwaysRefresh":false,"showFog":true,"showSkybox":true,"showFlares":true,"showImageEffects":true,"showParticleSystems":true,"showVisualEffectGraphs":true,"m_FxEnabled":true},"in2DMode":false,"pivot":{"x":-0.8456497192382813,"y":10.953849792480469,"z":-2.0672531127929689},"rotation":{"x":-0.0825764536857605,"y":-0.05767266824841499,"z":0.004786789882928133,"w":-0.9949043989181519},"size":11.871721267700196,"orthographic":false}